[
  {
    "title": "This is a title",
    "content" : [
      {
        "text": "Number 1",
        "data": "Lorem ipsum dolor sit amet, consectetur adipiscing elit. Aenean vel lacinia mi. Pellentesque habitant morbi tristique senectus et netus et malesuada fames ac turpis egestas. Mauris congue pulvinar lectus, efficitur suscipit purus luctus eu. Nam odio nisl, gravida nec orci vitae, vulputate feugiat turpis. Aenean lectus tellus, maximus nec libero vel, cursus posuere ipsum. Sed vitae ligula interdum, viverra massa ac, lobortis augue. Pellentesque imperdiet enim nisi, vel rutrum enim pulvinar ut. Quisque feugiat purus velit, at congue diam consequat in. Curabitur ultricies erat elit, sed tempor ipsum ullamcorper sit amet. Phasellus et dolor a elit vulputate commodo. Cras velit eros, interdum a congue sit amet, imperdiet ac dolor.",
        "id": 1
      },
      {"text":  "Number 2", "id" :  2},
      {"text":  "Number 2", "id" :  3},
      {"text":  "Number 4", "id" :  4}
    ]
  }
]